Trade_ID,Direction,Entry_Time,Exit_Time,Hold_Bars,Entry_Price,Exit_Price,Exit_Reason,PnL_Percent,MFE_Percent
1,Long,2023-01-02 12:00:00,2023-01-02 17:00:00,5,16694.78,16723.81,Signal_Exit,0.1739,0.2389
2,Long,2023-01-06 06:00:00,2023-01-06 10:00:00,4,16794.06,16738.22,Trend_Filter_Exit,-0.3325,0.0479
3,Long,2023-01-07 04:00:00,2023-01-07 10:00:00,6,16934.28,16918.3,Signal_Exit,-0.0944,0.0816
4,Long,2023-01-08 23:00:00,2023-01-09 01:00:00,2,17184.51,17191.47,Signal_Exit,0.0405,0.0405
5,Long,2023-01-09 11:00:00,2023-01-09 19:00:00,8,17249.06,17221.29,Trailing_Stop,-0.161,0.6255
6,Long,2023-01-11 02:00:00,2023-01-11 07:00:00,5,17416.14,17447.6,Signal_Exit,0.1806,0.1806
7,Long,2023-01-11 23:00:00,2023-01-12 04:00:00,5,18264.1,18087.54,SL_Hit,-0.9667,0.0
8,Long,2023-01-12 06:00:00,2023-01-12 09:00:00,3,18138.22,18185.6,Signal_Exit,0.2612,0.2612
9,Long,2023-01-12 14:00:00,2023-01-12 16:00:00,2,18086.62,18837.06,TP_Hit,4.1492,4.1492
10,Long,2023-01-12 14:00:00,2023-01-12 18:00:00,4,18086.62,18885.35,Signal_Exit,4.4161,4.4161
11,Long,2023-01-12 20:00:00,2023-01-12 22:00:00,2,18830.07,18846.62,Signal_Exit,0.0879,0.4453
12,Long,2023-01-14 04:00:00,2023-01-14 06:00:00,2,20841.62,20897.36,Signal_Exit,0.2674,0.5467
13,Long,2023-01-14 09:00:00,2023-01-14 10:00:00,1,20496.77,20721.73,Signal_Exit,1.0975,1.0975
14,Long,2023-01-15 00:00:00,2023-01-15 01:00:00,1,20770.29,20672.91,Signal_Exit,-0.4688,0.0
15,Long,2023-01-15 03:00:00,2023-01-15 05:00:00,2,20698.14,20717.0,Signal_Exit,0.0911,0.2494
16,Long,2023-01-15 08:00:00,2023-01-15 09:00:00,1,20750.59,20732.83,Signal_Exit,-0.0856,0.0
17,Long,2023-01-15 13:00:00,2023-01-15 14:00:00,1,20787.58,20908.28,Signal_Exit,0.5806,0.5806
18,Long,2023-01-16 12:00:00,2023-01-16 13:00:00,1,20827.47,20860.68,Signal_Exit,0.1594,0.1594
19,Long,2023-01-17 06:00:00,2023-01-17 07:00:00,1,21133.65,21200.95,Signal_Exit,0.3184,0.3184
20,Long,2023-01-17 22:00:00,2023-01-18 01:00:00,3,21134.81,21292.56,Signal_Exit,0.7464,0.7464
21,Long,2023-01-18 10:00:00,2023-01-18 12:00:00,2,21204.67,21403.31,Signal_Exit,0.9368,0.9368
22,Long,2023-01-20 20:00:00,2023-01-21 04:00:00,8,22315.41,22573.98,Time_Exit,1.1587,1.5765
23,Long,2023-01-22 16:00:00,2023-01-22 17:00:00,1,22922.34,22838.0,Signal_Exit,-0.3679,0.0
24,Long,2023-01-22 19:00:00,2023-01-22 22:00:00,3,22459.46,22707.88,Signal_Exit,1.1061,1.1061
25,Long,2023-01-25 02:00:00,2023-01-25 07:00:00,5,22643.61,22659.72,Trend_Filter_Exit,0.0712,0.3098
26,Long,2023-01-26 00:00:00,2023-01-26 08:00:00,8,23163.24,22970.7,Time_Exit,-0.8312,0.0695
27,Long,2023-01-26 17:00:00,2023-01-26 18:00:00,1,23037.16,23070.0,Signal_Exit,0.1426,0.1426
28,Long,2023-01-28 14:00:00,2023-01-28 16:00:00,2,23012.54,23018.96,Signal_Exit,0.0279,0.0279
29,Long,2023-01-28 20:00:00,2023-01-28 21:00:00,1,23001.41,22977.63,Signal_Exit,-0.1034,0.0
30,Long,2023-01-29 10:00:00,2023-01-29 11:00:00,1,23432.17,23478.21,Signal_Exit,0.1965,0.1965
31,Long,2023-01-30 13:00:00,2023-01-30 16:00:00,3,23287.7,23108.94,Trend_Filter_Exit,-0.7676,0.0
32,Long,2023-02-02 00:00:00,2023-02-02 08:00:00,8,23950.55,23830.91,Time_Exit,-0.4995,0.0
33,Long,2023-02-02 14:00:00,2023-02-02 15:00:00,1,23839.5,23790.35,Signal_Exit,-0.2062,0.0
34,Long,2023-02-02 23:00:00,2023-02-03 07:00:00,8,23552.89,23423.52,Time_Exit,-0.5493,0.0095
35,Long,2023-02-04 03:00:00,2023-02-04 04:00:00,1,23337.71,23312.38,Trend_Filter_Exit,-0.1085,0.0
36,Long,2023-02-04 08:00:00,2023-02-04 11:00:00,3,23340.02,23412.84,Signal_Exit,0.312,0.312
37,Long,2023-02-08 06:00:00,2023-02-08 07:00:00,1,23232.68,23205.96,Signal_Exit,-0.115,0.0
38,Long,2023-02-15 01:00:00,2023-02-15 05:00:00,4,22072.85,22117.68,Signal_Exit,0.2031,0.2774
39,Long,2023-02-15 21:00:00,2023-02-16 01:00:00,4,24151.6,24687.88,Signal_Exit,2.2205,2.2205
40,Long,2023-02-16 04:00:00,2023-02-16 09:00:00,5,24681.94,24617.72,Signal_Exit,-0.2602,0.0
41,Long,2023-02-16 11:00:00,2023-02-16 15:00:00,4,24585.55,24898.43,Signal_Exit,1.2726,1.9813
42,Long,2023-02-16 22:00:00,2023-02-17 06:00:00,8,23517.72,23637.04,Time_Exit,0.5074,1.4123
43,Long,2023-02-17 08:00:00,2023-02-17 16:00:00,8,23743.22,24298.35,Signal_Exit,2.3381,2.3381
44,Long,2023-02-18 10:00:00,2023-02-18 12:00:00,2,24519.42,24581.77,Signal_Exit,0.2543,0.4116
45,Long,2023-02-21 11:00:00,2023-02-21 14:00:00,3,24634.0,24558.09,Signal_Exit,-0.3082,0.2067
46,Long,2023-03-12 19:00:00,2023-03-12 22:00:00,3,21259.02,21997.11,TP_Hit,3.4719,3.4719
47,Long,2023-03-12 19:00:00,2023-03-13 08:00:00,13,21259.02,21963.37,Trailing_Stop,3.3132,5.6433
48,Long,2023-03-13 10:00:00,2023-03-13 13:00:00,3,22106.64,23484.63,Signal_Exit,6.2334,6.2334
49,Long,2023-03-14 08:00:00,2023-03-14 09:00:00,1,24280.22,24569.36,Signal_Exit,1.1908,1.1908
50,Long,2023-03-14 17:00:00,2023-03-14 21:00:00,4,24990.18,24698.39,Signal_Exit,-1.1676,0.256
51,Long,2023-03-15 15:00:00,2023-03-15 18:00:00,3,24104.69,24366.71,Signal_Exit,1.087,1.2635
52,Long,2023-03-15 22:00:00,2023-03-16 05:00:00,7,24285.66,24568.74,Signal_Exit,1.1656,1.1656
53,Long,2023-03-17 13:00:00,2023-03-17 17:00:00,4,26283.0,26617.57,Signal_Exit,1.273,1.273
54,Long,2023-03-18 01:00:00,2023-03-18 04:00:00,3,27290.98,27578.05,Signal_Exit,1.0519,1.0519
55,Long,2023-03-18 15:00:00,2023-03-18 16:00:00,1,27343.98,27307.07,Signal_Exit,-0.135,0.0
56,Long,2023-03-18 21:00:00,2023-03-19 02:00:00,5,26910.45,27198.71,Signal_Exit,1.0712,1.0712
57,Long,2023-03-19 05:00:00,2023-03-19 10:00:00,5,26934.96,27160.98,Signal_Exit,0.8391,0.8391
58,Long,2023-03-24 00:00:00,2023-03-24 01:00:00,1,28253.0,28186.28,Signal_Exit,-0.2362,0.0
59,Long,2023-03-24 04:00:00,2023-03-24 05:00:00,1,28284.45,28262.83,Signal_Exit,-0.0764,0.0
60,Long,2023-03-24 12:00:00,2023-03-24 15:00:00,2,27989.06,27831.33,Trend_Filter_Exit,-0.5635,0.1035
61,Long,2023-03-29 09:00:00,2023-03-29 15:00:00,6,28382.23,28152.46,Signal_Exit,-0.8096,0.2134
62,Long,2023-03-29 21:00:00,2023-03-29 22:00:00,1,28389.41,28348.6,Signal_Exit,-0.1438,0.0
63,Long,2023-03-30 17:00:00,2023-03-31 01:00:00,8,27903.69,28146.79,Time_Exit,0.8712,1.2381
64,Long,2023-03-31 05:00:00,2023-03-31 06:00:00,1,28079.96,27738.48,Trend_Filter_Exit,-1.2161,0.0
65,Long,2023-03-31 08:00:00,2023-03-31 11:00:00,3,27819.99,28110.36,Signal_Exit,1.0437,1.0437
66,Long,2023-04-01 09:00:00,2023-04-01 12:00:00,3,28465.32,28417.8,Signal_Exit,-0.1669,0.0
67,Long,2023-04-01 14:00:00,2023-04-01 15:00:00,1,28400.07,28326.0,Signal_Exit,-0.2608,0.0
68,Long,2023-04-02 00:00:00,2023-04-02 03:00:00,3,28388.34,28386.09,Signal_Exit,-0.0079,0.3109
69,Long,2023-04-05 00:00:00,2023-04-05 01:00:00,1,28571.41,28565.57,Signal_Exit,-0.0204,0.0
70,Long,2023-04-10 16:00:00,2023-04-10 23:00:00,7,29160.0,29928.86,TP_Hit,2.6367,2.6367
71,Long,2023-04-10 16:00:00,2023-04-11 03:00:00,11,29160.0,30109.01,Signal_Exit,3.2545,3.5319
72,Long,2023-04-11 05:00:00,2023-04-11 07:00:00,2,30035.78,30093.9,Signal_Exit,0.1935,0.2368
73,Long,2023-04-11 11:00:00,2023-04-11 12:00:00,1,30098.92,30246.31,Signal_Exit,0.4897,0.4897
74,Long,2023-04-12 04:00:00,2023-04-12 11:00:00,7,29920.0,30157.09,Signal_Exit,0.7924,0.7924
75,Long,2023-04-12 16:00:00,2023-04-12 17:00:00,1,30023.92,29917.26,Signal_Exit,-0.3553,0.0
76,Long,2023-04-12 19:00:00,2023-04-12 20:00:00,1,29947.47,29944.12,Signal_Exit,-0.0112,0.0
77,Long,2023-04-12 22:00:00,2023-04-13 00:00:00,2,29888.07,30065.13,Signal_Exit,0.5924,0.5924
78,Long,2023-04-14 00:00:00,2023-04-14 04:00:00,4,30775.34,30796.28,Signal_Exit,0.068,0.068
79,Long,2023-04-14 13:00:00,2023-04-14 14:00:00,1,30599.89,30237.89,Trailing_Stop,-1.183,0.0
80,Long,2023-04-15 00:00:00,2023-04-15 07:00:00,7,30370.01,30385.12,Signal_Exit,0.0498,0.2084
81,Long,2023-04-18 11:00:00,2023-04-18 12:00:00,1,30303.14,30381.31,Signal_Exit,0.258,0.258
82,Long,2023-04-19 01:00:00,2023-04-19 05:00:00,4,30200.63,30008.13,Trend_Filter_Exit,-0.6374,0.224
83,Long,2023-04-25 21:00:00,2023-04-25 22:00:00,1,28233.25,28300.79,Signal_Exit,0.2392,0.2392
84,Long,2023-04-26 03:00:00,2023-04-26 05:00:00,2,28328.94,28395.01,Signal_Exit,0.2332,0.2341
85,Long,2023-04-26 13:00:00,2023-04-26 18:00:00,5,29700.22,27884.24,SL_Hit,-6.1144,0.4034
86,Long,2023-04-27 12:00:00,2023-04-27 17:00:00,5,28936.32,29772.12,Signal_Exit,2.8884,2.8884
87,Long,2023-04-28 09:00:00,2023-04-28 12:00:00,3,29262.33,29029.48,Signal_Exit,-0.7957,0.0
88,Long,2023-04-28 14:00:00,2023-04-28 16:00:00,2,29146.89,29239.36,Signal_Exit,0.3173,0.4341
89,Long,2023-04-30 00:00:00,2023-04-30 06:00:00,6,29096.99,29266.43,Signal_Exit,0.5823,0.5993
90,Long,2023-05-16 19:00:00,2023-05-16 23:00:00,4,26951.41,27098.59,Signal_Exit,0.5461,0.5461
91,Long,2023-05-26 22:00:00,2023-05-26 23:00:00,1,26705.92,26651.92,Trend_Filter_Exit,-0.2022,0.0
92,Long,2023-05-28 22:00:00,2023-05-28 23:00:00,1,28065.0,28192.53,Signal_Exit,0.4544,0.4544
93,Long,2023-05-29 02:00:00,2023-05-29 09:00:00,7,27954.99,27857.59,Signal_Exit,-0.3484,0.1699
94,Long,2023-05-29 12:00:00,2023-05-29 20:00:00,8,27903.12,27666.7,Time_Exit,-0.8473,0.0
95,Long,2023-06-06 18:00:00,2023-06-07 02:00:00,8,27080.13,26909.01,Time_Exit,-0.6319,0.5537
96,Long,2023-06-07 04:00:00,2023-06-07 08:00:00,4,26912.99,26486.28,Trend_Filter_Exit,-1.5855,0.0
97,Long,2023-06-07 10:00:00,2023-06-07 11:00:00,1,26896.14,26802.35,Signal_Exit,-0.3487,0.0
98,Long,2023-06-16 17:00:00,2023-06-16 19:00:00,2,26361.4,26412.13,Signal_Exit,0.1924,0.1924
99,Long,2023-06-17 00:00:00,2023-06-17 03:00:00,3,26198.47,26358.49,Signal_Exit,0.6108,0.6108
100,Long,2023-06-19 10:00:00,2023-06-19 12:00:00,2,26447.73,26535.17,Signal_Exit,0.3306,0.3306
101,Long,2023-06-20 08:00:00,2023-06-20 10:00:00,2,26780.56,26907.99,Signal_Exit,0.4758,0.4758
102,Long,2023-06-20 17:00:00,2023-06-21 01:00:00,8,28070.54,28789.05,Signal_Exit,2.5597,2.5597
103,Long,2023-06-21 20:00:00,2023-06-21 22:00:00,2,29880.95,29993.89,Signal_Exit,0.378,0.7818
104,Long,2023-06-22 06:00:00,2023-06-22 08:00:00,2,30100.75,30134.36,Signal_Exit,0.1117,0.1117
105,Long,2023-06-22 11:00:00,2023-06-22 12:00:00,1,30115.49,30235.99,Signal_Exit,0.4001,0.4001
106,Long,2023-06-22 14:00:00,2023-06-22 18:00:00,4,29850.65,30213.11,Signal_Exit,1.2142,1.2142
107,Long,2023-06-22 22:00:00,2023-06-23 05:00:00,7,29884.92,30012.18,Signal_Exit,0.4258,0.5256
108,Long,2023-06-23 17:00:00,2023-06-24 01:00:00,8,30943.68,30756.6,Time_Exit,-0.6046,0.0
109,Long,2023-06-25 20:00:00,2023-06-25 22:00:00,2,30451.52,30462.66,Signal_Exit,0.0366,0.162
110,Long,2023-07-02 08:00:00,2023-07-02 15:00:00,7,30516.81,30561.58,Signal_Exit,0.1467,0.2406
111,Long,2023-07-03 15:00:00,2023-07-03 16:00:00,1,31042.22,31000.98,Signal_Exit,-0.1329,0.0
112,Long,2023-07-06 08:00:00,2023-07-06 09:00:00,1,31069.6,31231.64,Signal_Exit,0.5215,0.5215
113,Long,2023-07-10 23:00:00,2023-07-11 02:00:00,3,30419.99,30476.0,Signal_Exit,0.1841,0.5466
114,Long,2023-07-11 04:00:00,2023-07-11 12:00:00,8,30456.0,30450.0,Time_Exit,-0.0197,0.5864
115,Long,2023-07-13 19:00:00,2023-07-14 00:00:00,5,31372.91,31418.88,Signal_Exit,0.1465,0.2592
116,Long,2023-07-23 04:00:00,2023-07-23 06:00:00,2,29921.99,29916.0,Signal_Exit,-0.02,0.0
117,Long,2023-07-28 14:00:00,2023-07-28 15:00:00,1,29387.99,29361.41,Signal_Exit,-0.0904,0.0
118,Long,2023-07-29 11:00:00,2023-07-29 19:00:00,8,29294.01,29355.23,Time_Exit,0.209,0.209
119,Long,2023-07-29 23:00:00,2023-07-30 05:00:00,6,29348.83,29286.98,Trend_Filter_Exit,-0.2107,0.0
120,Long,2023-08-01 17:00:00,2023-08-01 19:00:00,2,29272.0,29229.74,Trend_Filter_Exit,-0.1444,0.0082
121,Long,2023-08-02 06:00:00,2023-08-02 10:00:00,4,29577.26,29562.49,Signal_Exit,-0.0499,0.0
122,Long,2023-08-02 12:00:00,2023-08-02 13:00:00,1,29412.04,29275.14,Trend_Filter_Exit,-0.4655,0.0
123,Long,2023-08-08 08:00:00,2023-08-08 09:00:00,1,29204.0,29300.21,Signal_Exit,0.3294,0.3294
124,Long,2023-08-08 16:00:00,2023-08-08 18:00:00,2,29808.56,29884.24,Signal_Exit,0.2539,0.2539
125,Long,2023-08-09 19:00:00,2023-08-09 21:00:00,2,29500.33,29601.91,Signal_Exit,0.3443,0.3443
126,Long,2023-08-10 06:00:00,2023-08-10 13:00:00,7,29512.0,29495.76,Signal_Exit,-0.055,0.5696
127,Long,2023-08-11 02:00:00,2023-08-11 06:00:00,4,29412.0,29417.28,Signal_Exit,0.0179,0.17
128,Long,2023-08-29 13:00:00,2023-08-29 15:00:00,2,27492.03,27999.99,TP_Hit,1.8477,1.8477
129,Long,2023-08-29 13:00:00,2023-08-29 19:00:00,6,27492.03,27569.28,Trailing_Stop,0.281,1.8477
130,Long,2023-08-29 21:00:00,2023-08-30 05:00:00,8,27638.28,27382.21,Time_Exit,-0.9265,0.2824
131,Long,2023-08-30 07:00:00,2023-08-30 12:00:00,5,27470.98,27376.07,Signal_Exit,-0.3455,0.0
132,Long,2023-08-30 14:00:00,2023-08-30 18:00:00,4,27201.63,27178.28,Signal_Exit,-0.0858,0.288
133,Long,2023-08-31 01:00:00,2023-08-31 04:00:00,3,27190.01,27251.29,Signal_Exit,0.2254,0.2291
134,Long,2023-09-08 11:00:00,2023-09-08 13:00:00,2,25854.03,25831.25,Trend_Filter_Exit,-0.0881,0.1293
135,Long,2023-09-12 17:00:00,2023-09-12 20:00:00,3,25980.28,26102.98,Signal_Exit,0.4723,0.4723
136,Long,2023-09-12 23:00:00,2023-09-13 01:00:00,2,25919.51,25910.5,Signal_Exit,-0.0348,0.1465
137,Long,2023-09-15 14:00:00,2023-09-15 16:00:00,2,26321.21,26338.5,Signal_Exit,0.0657,0.2232
138,Long,2023-09-18 10:00:00,2023-09-18 13:00:00,3,27196.98,27260.46,Signal_Exit,0.2334,0.6411
139,Long,2023-09-27 11:00:00,2023-09-27 13:00:00,2,26722.48,26192.91,Trend_Filter_Exit,-1.9817,0.0
140,Long,2023-09-28 15:00:00,2023-09-28 18:00:00,3,27059.99,27100.0,Signal_Exit,0.1479,0.3701
141,Long,2023-10-01 22:00:00,2023-10-02 00:00:00,2,27992.57,27920.0,Signal_Exit,-0.2592,0.0
142,Long,2023-10-02 18:00:00,2023-10-02 19:00:00,1,27964.99,27843.68,Signal_Exit,-0.4338,0.0
143,Long,2023-10-02 21:00:00,2023-10-03 01:00:00,4,27554.56,27584.2,Signal_Exit,0.1076,0.1076
144,Long,2023-10-03 13:00:00,2023-10-03 17:00:00,4,27350.59,27300.48,Trend_Filter_Exit,-0.1832,0.3101
145,Long,2023-10-03 19:00:00,2023-10-03 20:00:00,1,27394.25,27400.06,Signal_Exit,0.0212,0.0212
146,Long,2023-10-05 03:00:00,2023-10-05 10:00:00,7,27692.91,27725.68,Signal_Exit,0.1183,0.1591
147,Long,2023-10-09 00:00:00,2023-10-09 01:00:00,1,27961.86,27938.22,Signal_Exit,-0.0845,0.0
148,Long,2023-10-16 05:00:00,2023-10-16 06:00:00,1,27812.61,27849.06,Signal_Exit,0.1311,0.1311
149,Long,2023-10-17 00:00:00,2023-10-17 07:00:00,7,28350.0,28437.35,Signal_Exit,0.3081,0.3081
150,Long,2023-10-17 12:00:00,2023-10-17 13:00:00,1,28291.83,28464.57,Signal_Exit,0.6106,0.6106
151,Long,2023-10-18 09:00:00,2023-10-18 16:00:00,7,28374.12,28330.04,Signal_Exit,-0.1554,0.0
152,Long,2023-10-18 19:00:00,2023-10-19 03:00:00,8,28252.31,28286.75,Time_Exit,0.1219,0.482
153,Long,2023-10-19 21:00:00,2023-10-20 02:00:00,5,28649.65,29235.38,TP_Hit,2.0445,2.0445
154,Long,2023-10-19 21:00:00,2023-10-20 04:00:00,7,28649.65,29221.75,Signal_Exit,1.9969,2.3347
155,Long,2023-10-20 08:00:00,2023-10-20 10:00:00,2,29798.11,29839.99,Signal_Exit,0.1405,0.1742
156,Long,2023-10-23 22:00:00,2023-10-24 00:00:00,2,33069.99,34190.94,Signal_Exit,3.3896,3.3896
157,Long,2023-10-24 05:00:00,2023-10-24 08:00:00,3,33975.2,34337.11,Signal_Exit,1.0652,1.0652
158,Long,2023-10-24 15:00:00,2023-10-24 21:00:00,6,33938.92,34155.64,Signal_Exit,0.6386,0.6386
159,Long,2023-10-26 08:00:00,2023-10-26 15:00:00,7,34429.23,33773.63,SL_Hit,-1.9042,0.0
160,Long,2023-10-26 17:00:00,2023-10-26 19:00:00,2,33978.62,34183.99,Signal_Exit,0.6044,0.6044
161,Long,2023-10-27 01:00:00,2023-10-27 02:00:00,1,34088.57,34117.08,Signal_Exit,0.0836,0.0836
162,Long,2023-10-27 17:00:00,2023-10-27 23:00:00,6,33595.62,33888.72,Signal_Exit,0.8724,0.8823
163,Long,2023-11-01 14:00:00,2023-11-01 16:00:00,2,34291.94,34510.28,Signal_Exit,0.6367,0.6367
164,Long,2023-11-08 05:00:00,2023-11-08 13:00:00,8,35274.14,35310.34,Time_Exit,0.1026,0.3851
165,Long,2023-11-10 06:00:00,2023-11-10 10:00:00,4,36439.98,37071.09,Signal_Exit,1.7319,1.7319
166,Long,2023-11-15 18:00:00,2023-11-16 02:00:00,8,37499.99,37454.98,Time_Exit,-0.12,0.9552
167,Long,2023-11-16 04:00:00,2023-11-16 12:00:00,8,37455.32,36770.0,SL_Hit,-1.8297,0.2861
168,Long,2023-11-21 14:00:00,2023-11-21 16:00:00,2,36975.04,36901.99,Signal_Exit,-0.1976,0.5944
169,Long,2023-11-23 12:00:00,2023-11-23 14:00:00,2,37238.0,36951.34,Trend_Filter_Exit,-0.7698,0.0
170,Long,2023-11-26 18:00:00,2023-11-26 20:00:00,2,37380.07,37616.45,Signal_Exit,0.6324,0.6324
171,Long,2023-11-29 17:00:00,2023-11-29 18:00:00,1,37862.0,37874.2,Signal_Exit,0.0322,0.0322
172,Long,2023-11-29 20:00:00,2023-11-29 23:00:00,3,37739.0,37778.94,Signal_Exit,0.1058,0.3064
173,Long,2023-11-30 01:00:00,2023-11-30 02:00:00,1,37876.05,38051.84,Signal_Exit,0.4641,0.4641
174,Long,2023-12-04 05:00:00,2023-12-04 08:00:00,3,41381.1,41544.9,Signal_Exit,0.3958,0.7269
175,Long,2023-12-04 11:00:00,2023-12-04 18:00:00,7,41799.51,41987.28,Signal_Exit,0.4492,0.4492
176,Long,2023-12-06 01:00:00,2023-12-06 09:00:00,8,43903.9,44111.25,Time_Exit,0.4723,0.4723
177,Long,2023-12-06 20:00:00,2023-12-07 01:00:00,5,43824.19,43970.99,Signal_Exit,0.335,0.335
178,Long,2023-12-07 10:00:00,2023-12-07 15:00:00,5,43188.03,43687.1,Signal_Exit,1.1556,1.1556
179,Long,2023-12-07 18:00:00,2023-12-08 00:00:00,6,43203.58,43406.13,Signal_Exit,0.4688,0.4688
180,Long,2023-12-08 07:00:00,2023-12-08 10:00:00,3,43212.94,43653.82,Signal_Exit,1.0202,1.0202
181,Long,2023-12-09 22:00:00,2023-12-10 04:00:00,6,43713.6,43884.4,Signal_Exit,0.3907,0.5111
182,Long,2023-12-14 08:00:00,2023-12-14 09:00:00,1,42891.98,42958.22,Signal_Exit,0.1544,0.1544
183,Long,2023-12-16 07:00:00,2023-12-16 15:00:00,8,42179.13,42590.13,Signal_Exit,0.9744,1.0073
184,Long,2023-12-20 19:00:00,2023-12-21 03:00:00,8,43441.82,43627.41,Time_Exit,0.4272,0.5228
185,Long,2023-12-22 12:00:00,2023-12-22 14:00:00,2,43693.99,43671.1,Signal_Exit,-0.0524,0.0
186,Long,2023-12-22 20:00:00,2023-12-22 22:00:00,2,43706.24,43969.04,Signal_Exit,0.6013,0.6013
187,Long,2023-12-23 02:00:00,2023-12-23 06:00:00,4,43526.43,43562.32,Signal_Exit,0.0825,0.2445
188,Long,2024-01-02 00:00:00,2024-01-02 03:00:00,3,44855.96,45179.8,Signal_Exit,0.722,1.2182
189,Long,2024-01-02 06:00:00,2024-01-02 08:00:00,2,45455.53,45673.48,Signal_Exit,0.4795,0.6683
190,Long,2024-01-02 12:00:00,2024-01-02 19:00:00,7,45637.93,44788.28,SL_Hit,-1.8617,0.0
191,Long,2024-01-03 07:00:00,2024-01-03 09:00:00,2,45200.0,45151.91,Signal_Exit,-0.1064,0.3201
192,Long,2024-01-05 10:00:00,2024-01-05 12:00:00,2,43771.34,43986.01,Signal_Exit,0.4904,0.4904
193,Long,2024-01-08 18:00:00,2024-01-09 02:00:00,8,46979.35,46926.96,Time_Exit,-0.1115,0.196
194,Long,2024-01-09 04:00:00,2024-01-09 12:00:00,8,46714.67,46834.0,Time_Exit,0.2554,0.2554
195,Long,2024-01-10 00:00:00,2024-01-10 08:00:00,8,45929.3,45661.42,Time_Exit,-0.5832,0.4089
196,Long,2024-01-10 10:00:00,2024-01-10 11:00:00,1,45515.89,44670.53,Trend_Filter_Exit,-1.8573,0.0
197,Long,2024-01-10 14:00:00,2024-01-10 15:00:00,1,45546.4,45311.1,Signal_Exit,-0.5166,0.0
198,Long,2024-01-11 05:00:00,2024-01-11 10:00:00,5,45907.3,47060.0,Signal_Exit,2.5109,2.5109
199,Long,2024-01-11 20:00:00,2024-01-12 04:00:00,8,46156.01,46194.01,Time_Exit,0.0823,0.5286
200,Long,2024-01-26 11:00:00,2024-01-26 18:00:00,7,41140.01,42064.49,Signal_Exit,2.2471,2.3456
201,Long,2024-01-30 23:00:00,2024-01-31 06:00:00,7,42933.21,43050.01,Signal_Exit,0.2721,0.2721
202,Long,2024-01-31 11:00:00,2024-01-31 13:00:00,2,42622.81,42882.08,Signal_Exit,0.6083,0.6083
203,Long,2024-02-07 20:00:00,2024-02-07 23:00:00,3,44185.96,44676.01,Signal_Exit,1.1091,1.1091
204,Long,2024-02-09 22:00:00,2024-02-10 02:00:00,4,47132.77,47376.62,Signal_Exit,0.5174,0.5174
205,Long,2024-02-10 08:00:00,2024-02-10 13:00:00,5,47066.0,47270.0,Signal_Exit,0.4334,0.5048
206,Long,2024-02-10 17:00:00,2024-02-10 18:00:00,1,47329.37,47531.09,Signal_Exit,0.4262,0.4262
207,Long,2024-02-11 20:00:00,2024-02-11 23:00:00,3,48116.0,48604.0,Signal_Exit,1.0142,1.0142
208,Long,2024-02-12 02:00:00,2024-02-12 07:00:00,5,48145.0,48114.01,Signal_Exit,-0.0644,0.1225
209,Long,2024-02-12 09:00:00,2024-02-12 13:00:00,4,47872.07,48798.0,Signal_Exit,1.9342,1.9342
210,Long,2024-02-12 15:00:00,2024-02-12 22:00:00,7,49582.33,49917.27,Signal_Exit,0.6755,1.171
211,Long,2024-02-14 04:00:00,2024-02-14 06:00:00,2,49539.05,49838.93,Signal_Exit,0.6053,0.6053
212,Long,2024-02-15 21:00:00,2024-02-16 00:00:00,3,51644.4,51952.63,Signal_Exit,0.5968,0.5968
213,Long,2024-02-16 06:00:00,2024-02-16 10:00:00,4,51731.99,52213.86,Signal_Exit,0.9315,1.098
214,Long,2024-02-16 14:00:00,2024-02-16 21:00:00,7,51888.01,51977.86,Signal_Exit,0.1732,0.295
215,Long,2024-02-17 09:00:00,2024-02-17 12:00:00,3,51721.67,51188.81,SL_Hit,-1.0303,0.0
216,Long,2024-02-20 13:00:00,2024-02-20 14:00:00,1,52048.74,51680.0,Trend_Filter_Exit,-0.7084,0.0
217,Long,2024-02-20 18:00:00,2024-02-20 19:00:00,1,52101.11,51990.63,Signal_Exit,-0.2121,0.0
218,Long,2024-02-26 15:00:00,2024-02-26 18:00:00,3,53391.02,54487.11,TP_Hit,2.0529,2.0529
219,Long,2024-02-26 15:00:00,2024-02-26 22:00:00,7,53391.02,54476.47,Signal_Exit,2.033,2.3764
220,Long,2024-02-28 20:00:00,2024-02-28 22:00:00,2,60550.46,62432.1,Signal_Exit,3.1076,3.1076
221,Long,2024-02-29 16:00:00,2024-02-29 20:00:00,4,60982.35,61374.94,Signal_Exit,0.6438,1.5617
222,Long,2024-02-29 23:00:00,2024-03-01 04:00:00,5,61501.11,61312.01,Signal_Exit,-0.3075,0.0374
223,Long,2024-03-01 11:00:00,2024-03-01 18:00:00,7,62230.0,62215.5,Signal_Exit,-0.0233,0.3664
224,Long,2024-03-02 01:00:00,2024-03-02 03:00:00,2,62111.18,62035.95,Signal_Exit,-0.1211,0.316
225,Long,2024-03-02 22:00:00,2024-03-03 03:00:00,5,61987.28,62016.25,Signal_Exit,0.0467,0.0467
226,Long,2024-03-05 04:00:00,2024-03-05 12:00:00,8,66961.09,67770.01,Time_Exit,1.208,1.208
227,Long,2024-03-05 16:00:00,2024-03-05 18:00:00,2,65575.2,61410.98,Trend_Filter_Exit,-6.3503,0.0
228,Long,2024-03-06 09:00:00,2024-03-06 10:00:00,1,66660.36,67301.31,Signal_Exit,0.9615,0.9615
229,Long,2024-03-06 12:00:00,2024-03-06 15:00:00,3,66327.48,67086.0,Signal_Exit,1.1436,1.1436
230,Long,2024-03-07 03:00:00,2024-03-07 08:00:00,5,65843.57,66710.32,Signal_Exit,1.3164,1.3164
231,Long,2024-03-08 21:00:00,2024-03-09 02:00:00,5,68102.06,68247.34,Signal_Exit,0.2133,0.2133
232,Long,2024-03-11 00:00:00,2024-03-11 04:00:00,4,68299.17,68550.4,Signal_Exit,0.3678,0.4469
233,Long,2024-03-12 16:00:00,2024-03-12 23:00:00,7,71092.55,71410.68,Signal_Exit,0.4475,0.5056
234,Long,2024-03-21 04:00:00,2024-03-21 07:00:00,3,67009.51,67283.55,Signal_Exit,0.409,0.409
235,Long,2024-03-23 19:00:00,2024-03-23 21:00:00,2,65009.78,64747.86,Trend_Filter_Exit,-0.4029,0.0
236,Long,2024-03-24 16:00:00,2024-03-24 17:00:00,1,65345.99,65846.01,Signal_Exit,0.7652,0.7652
237,Long,2024-03-25 00:00:00,2024-03-25 03:00:00,3,66556.0,67505.99,Signal_Exit,1.4274,1.4274
238,Long,2024-03-25 21:00:00,2024-03-26 03:00:00,6,70310.0,70600.83,Signal_Exit,0.4136,0.4136
239,Long,2024-03-26 16:00:00,2024-03-26 22:00:00,6,70066.55,69988.0,Signal_Exit,-0.1121,0.2607
240,Long,2024-03-27 04:00:00,2024-03-27 05:00:00,1,70475.07,70309.99,Signal_Exit,-0.2342,0.0
241,Long,2024-03-27 07:00:00,2024-03-27 11:00:00,4,69547.91,70186.18,Signal_Exit,0.9177,0.9674
242,Long,2024-03-27 17:00:00,2024-03-27 22:00:00,5,68475.61,69469.99,Signal_Exit,1.4522,1.4522
243,Long,2024-03-28 16:00:00,2024-03-28 20:00:00,4,70791.17,70781.81,Signal_Exit,-0.0132,0.01
244,Long,2024-03-29 07:00:00,2024-03-29 11:00:00,4,69932.99,70150.01,Signal_Exit,0.3103,0.3103
245,Long,2024-04-05 17:00:00,2024-04-05 18:00:00,1,67629.02,67412.4,Trend_Filter_Exit,-0.3203,0.0
246,Long,2024-04-08 08:00:00,2024-04-08 16:00:00,8,72197.25,71699.23,Time_Exit,-0.6898,0.2864
247,Long,2024-04-09 06:00:00,2024-04-09 13:00:00,7,70383.99,69358.32,Trailing_Stop,-1.4573,0.5837
248,Long,2024-04-09 20:00:00,2024-04-09 22:00:00,2,69213.83,69146.0,Trend_Filter_Exit,-0.098,0.1616
249,Long,2024-05-03 15:00:00,2024-05-03 16:00:00,1,61681.99,61805.85,Signal_Exit,0.2008,0.2008
250,Long,2024-05-05 00:00:00,2024-05-05 07:00:00,7,63315.47,63668.0,Signal_Exit,0.5568,0.6656
251,Long,2024-05-06 14:00:00,2024-05-06 20:00:00,6,63632.01,63550.29,Signal_Exit,-0.1284,0.0
252,Long,2024-05-07 11:00:00,2024-05-07 14:00:00,3,63663.02,63740.48,Signal_Exit,0.1217,0.5678
253,Long,2024-05-07 19:00:00,2024-05-07 21:00:00,2,62974.94,62850.92,Trend_Filter_Exit,-0.1969,0.1573
254,Long,2024-05-13 10:00:00,2024-05-13 11:00:00,1,62738.0,62844.04,Signal_Exit,0.169,0.169
255,Long,2024-05-14 08:00:00,2024-05-14 09:00:00,1,61797.85,61719.01,Trend_Filter_Exit,-0.1276,0.0
256,Long,2024-05-15 00:00:00,2024-05-15 01:00:00,1,61696.0,61774.01,Signal_Exit,0.1264,0.1264
257,Long,2024-05-15 12:00:00,2024-05-15 17:00:00,5,64145.99,65717.28,Signal_Exit,2.4496,2.4496
258,Long,2024-05-16 18:00:00,2024-05-17 00:00:00,6,65186.85,65340.84,Signal_Exit,0.2362,0.4937
259,Long,2024-05-17 13:00:00,2024-05-17 14:00:00,1,66806.66,67195.1,Signal_Exit,0.5814,0.5814
260,Long,2024-05-19 19:00:00,2024-05-19 23:00:00,4,66163.99,66459.99,Signal_Exit,0.4474,0.4474
261,Long,2024-05-20 06:00:00,2024-05-20 12:00:00,6,66825.14,67099.98,Signal_Exit,0.4113,0.4263
262,Long,2024-05-20 17:00:00,2024-05-20 22:00:00,5,68728.41,71446.62,TP_Hit,3.955,3.955
263,Long,2024-05-20 17:00:00,2024-05-21 02:00:00,9,68728.41,71284.0,Signal_Exit,3.7184,3.955
264,Long,2024-05-21 14:00:00,2024-05-21 22:00:00,8,69826.99,70148.34,Time_Exit,0.4602,0.566
265,Long,2024-05-22 04:00:00,2024-05-22 12:00:00,8,69898.12,69586.87,Time_Exit,-0.4453,0.4176
266,Long,2024-05-22 22:00:00,2024-05-23 05:00:00,7,69166.62,69561.4,Signal_Exit,0.5708,0.5708
267,Long,2024-05-23 10:00:00,2024-05-23 12:00:00,2,69982.72,68036.14,Trend_Filter_Exit,-2.7815,0.0
268,Long,2024-05-27 15:00:00,2024-05-27 18:00:00,3,70161.22,69260.01,SL_Hit,-1.2845,0.0325
269,Long,2024-06-04 08:00:00,2024-06-04 12:00:00,4,68717.92,69527.99,Signal_Exit,1.1788,1.1788
270,Long,2024-06-04 15:00:00,2024-06-04 22:00:00,7,70800.0,70537.84,Signal_Exit,-0.3703,0.0
271,Long,2024-07-01 02:00:00,2024-07-01 06:00:00,4,63437.69,63277.84,Signal_Exit,-0.252,0.0
272,Long,2024-07-02 15:00:00,2024-07-02 18:00:00,3,61920.89,61939.1,Signal_Exit,0.0294,0.6607
273,Long,2024-07-02 21:00:00,2024-07-02 23:00:00,2,62090.01,62094.02,Signal_Exit,0.0065,0.0732
274,Long,2024-07-11 19:00:00,2024-07-11 21:00:00,2,57554.0,57338.58,Trend_Filter_Exit,-0.3743,0.0
275,Long,2024-07-15 03:00:00,2024-07-15 06:00:00,3,62610.0,62840.12,Signal_Exit,0.3675,0.4153
276,Long,2024-07-16 13:00:00,2024-07-16 14:00:00,1,63836.09,64878.24,Signal_Exit,1.6325,1.6325
277,Long,2024-07-17 17:00:00,2024-07-18 01:00:00,8,64504.0,64701.35,Time_Exit,0.306,0.306
278,Long,2024-07-18 17:00:00,2024-07-18 22:00:00,5,63520.01,63987.92,Signal_Exit,0.7366,0.806
279,Long,2024-07-19 00:00:00,2024-07-19 01:00:00,1,63816.0,63828.0,Signal_Exit,0.0188,0.0188
280,Long,2024-07-19 07:00:00,2024-07-19 12:00:00,5,63809.0,65135.9,Signal_Exit,2.0795,2.0795
281,Long,2024-07-19 18:00:00,2024-07-20 00:00:00,6,67157.26,66361.99,Signal_Exit,-1.1842,0.0
282,Long,2024-07-23 04:00:00,2024-07-23 08:00:00,4,66428.0,66938.2,Signal_Exit,0.7681,0.7681
283,Long,2024-07-28 04:00:00,2024-07-28 09:00:00,5,67422.0,67560.01,Signal_Exit,0.2047,0.206
284,Long,2024-07-29 17:00:00,2024-07-29 21:00:00,4,67419.99,67227.36,Trend_Filter_Exit,-0.2857,0.1187
285,Long,2024-08-09 00:00:00,2024-08-09 08:00:00,8,61400.0,60759.99,Time_Exit,-1.0424,0.0
286,Long,2024-08-09 10:00:00,2024-08-09 18:00:00,8,60655.24,60681.42,Time_Exit,0.0432,0.0432
287,Long,2024-08-10 00:00:00,2024-08-10 07:00:00,7,60464.0,60733.58,Signal_Exit,0.4458,0.6252
288,Long,2024-08-12 13:00:00,2024-08-12 14:00:00,1,60299.98,60207.37,Signal_Exit,-0.1536,0.0
289,Long,2024-08-21 00:00:00,2024-08-21 01:00:00,1,59281.58,59363.32,Signal_Exit,0.1379,0.1379
290,Long,2024-08-21 09:00:00,2024-08-21 15:00:00,6,59468.4,59885.58,Signal_Exit,0.7015,0.7729
291,Long,2024-08-27 00:00:00,2024-08-27 04:00:00,4,62994.8,63150.02,Signal_Exit,0.2464,0.2464
292,Long,2024-09-10 15:00:00,2024-09-10 16:00:00,1,56819.6,57175.96,Signal_Exit,0.6272,0.6272
293,Long,2024-09-11 05:00:00,2024-09-11 09:00:00,4,56460.0,56510.0,Signal_Exit,0.0886,0.4463
294,Long,2024-09-11 13:00:00,2024-09-11 15:00:00,2,55974.0,57312.0,Signal_Exit,2.3904,2.3904
295,Long,2024-09-13 18:00:00,2024-09-13 19:00:00,1,59743.99,59838.52,Signal_Exit,0.1582,0.1582
296,Long,2024-09-18 09:00:00,2024-09-18 10:00:00,1,59907.49,59846.0,Signal_Exit,-0.1026,0.0
297,Long,2024-09-18 15:00:00,2024-09-18 16:00:00,1,59915.26,60013.01,Signal_Exit,0.1631,0.1631
298,Long,2024-09-20 16:00:00,2024-09-20 21:00:00,5,62704.0,63180.24,Signal_Exit,0.7595,0.7595
299,Long,2024-09-21 01:00:00,2024-09-21 09:00:00,8,62917.11,62979.05,Time_Exit,0.0984,0.3161
300,Long,2024-09-24 01:00:00,2024-09-24 03:00:00,2,63123.99,63088.0,Trend_Filter_Exit,-0.057,0.0
301,Long,2024-09-26 19:00:00,2024-09-26 21:00:00,2,64664.26,65086.33,Signal_Exit,0.6527,0.6527
302,Long,2024-09-28 15:00:00,2024-09-28 23:00:00,8,65516.0,65687.1,Time_Exit,0.2612,0.522
303,Long,2024-10-07 20:00:00,2024-10-07 21:00:00,1,63373.99,62471.08,Signal_Exit,-1.4247,0.0
304,Long,2024-10-07 23:00:00,2024-10-08 02:00:00,3,62552.98,62629.8,Signal_Exit,0.1228,0.3722
305,Long,2024-10-08 19:00:00,2024-10-08 21:00:00,2,62400.02,62175.01,Trend_Filter_Exit,-0.3606,0.0701
306,Long,2024-10-11 22:00:00,2024-10-11 23:00:00,1,62540.0,62840.0,Signal_Exit,0.4797,0.4797
307,Long,2024-10-13 10:00:00,2024-10-13 14:00:00,4,62561.33,62229.31,Trailing_Stop,-0.5307,0.1641
308,Long,2024-10-14 04:00:00,2024-10-14 10:00:00,6,63941.54,64920.06,Signal_Exit,1.5303,1.5303
309,Long,2024-10-14 15:00:00,2024-10-14 19:00:00,4,65703.99,65925.97,Signal_Exit,0.3378,0.3583
310,Long,2024-10-15 14:00:00,2024-10-15 15:00:00,1,66022.0,66868.2,Signal_Exit,1.2817,1.2817
311,Long,2024-10-15 20:00:00,2024-10-15 22:00:00,2,66432.0,67074.14,Signal_Exit,0.9666,0.9666
312,Long,2024-10-17 09:00:00,2024-10-17 13:00:00,4,67214.0,67123.8,Signal_Exit,-0.1342,0.0
313,Long,2024-10-17 20:00:00,2024-10-17 22:00:00,2,67084.0,67421.78,Signal_Exit,0.5035,0.5367
314,Long,2024-10-19 16:00:00,2024-10-19 20:00:00,4,68121.99,68222.43,Signal_Exit,0.1474,0.1808
315,Long,2024-10-29 19:00:00,2024-10-29 22:00:00,3,72336.22,72736.42,Signal_Exit,0.5533,0.5533
316,Long,2024-10-30 17:00:00,2024-10-30 20:00:00,3,71974.75,72388.1,Signal_Exit,0.5743,1.226
317,Long,2024-10-31 14:00:00,2024-10-31 18:00:00,4,70620.0,70092.07,Trend_Filter_Exit,-0.7476,0.234
318,Long,2024-11-06 01:00:00,2024-11-06 09:00:00,8,73077.05,73830.01,Time_Exit,1.0304,2.3145
319,Long,2024-11-06 14:00:00,2024-11-06 17:00:00,3,74298.0,75229.99,Signal_Exit,1.2544,1.2544
320,Long,2024-11-07 03:00:00,2024-11-07 08:00:00,5,74707.34,74916.76,Signal_Exit,0.2803,0.5925
321,Long,2024-11-07 21:00:00,2024-11-08 00:00:00,3,75872.0,75983.91,Signal_Exit,0.1475,0.1756
322,Long,2024-11-10 05:00:00,2024-11-10 13:00:00,8,78903.42,79508.01,Time_Exit,0.7662,1.1921
323,Long,2024-11-10 20:00:00,2024-11-10 21:00:00,1,79873.97,80614.01,Signal_Exit,0.9265,0.9265
324,Long,2024-11-12 02:00:00,2024-11-12 06:00:00,4,88047.46,88983.35,Signal_Exit,1.0629,1.7014
325,Long,2024-11-12 09:00:00,2024-11-12 14:00:00,5,86787.51,86632.0,Signal_Exit,-0.1792,0.4241
326,Long,2024-11-12 23:00:00,2024-11-13 01:00:00,2,88040.0,87868.0,Signal_Exit,-0.1954,0.2425
327,Long,2024-11-13 03:00:00,2024-11-13 10:00:00,7,87172.01,87669.39,Signal_Exit,0.5706,0.5706
328,Long,2024-11-13 19:00:00,2024-11-14 03:00:00,8,89691.99,90123.99,Time_Exit,0.4816,0.7617
329,Long,2024-11-14 06:00:00,2024-11-14 07:00:00,1,90769.42,90558.28,Signal_Exit,-0.2326,0.0
330,Long,2024-11-14 13:00:00,2024-11-14 21:00:00,8,88720.03,87640.01,Time_Exit,-1.2173,0.8385
331,Long,2024-11-15 07:00:00,2024-11-15 08:00:00,1,88082.96,89195.99,Signal_Exit,1.2636,1.2636
332,Long,2024-11-15 12:00:00,2024-11-15 16:00:00,4,90148.0,89484.85,Signal_Exit,-0.7356,0.0
333,Long,2024-11-16 22:00:00,2024-11-17 06:00:00,8,90586.92,90550.8,Time_Exit,-0.0399,0.2441
334,Long,2024-11-17 18:00:00,2024-11-17 19:00:00,1,90044.0,89636.0,Trend_Filter_Exit,-0.4531,0.0
335,Long,2024-11-20 14:00:00,2024-11-20 22:00:00,8,94739.97,94286.56,Time_Exit,-0.4786,0.0
336,Long,2024-11-21 05:00:00,2024-11-21 09:00:00,4,97004.02,97756.0,Signal_Exit,0.7752,0.7752
337,Long,2024-11-23 18:00:00,2024-11-24 01:00:00,7,97504.0,98390.66,Signal_Exit,0.9094,0.9094
338,Long,2024-11-29 07:00:00,2024-11-29 08:00:00,1,95979.99,96355.39,Signal_Exit,0.3911,0.3911
339,Long,2024-11-29 17:00:00,2024-11-29 18:00:00,1,97175.99,97329.73,Signal_Exit,0.1582,0.1582
340,Long,2024-11-30 01:00:00,2024-11-30 04:00:00,3,96609.21,97102.32,Signal_Exit,0.5104,0.5104
341,Long,2024-11-30 10:00:00,2024-11-30 15:00:00,5,96267.99,96871.31,Signal_Exit,0.6267,0.6267
342,Long,2024-12-05 02:00:00,2024-12-05 08:00:00,6,102964.0,102698.24,Signal_Exit,-0.2581,0.3651
343,Long,2024-12-05 15:00:00,2024-12-05 21:00:00,6,101037.51,96589.04,Trend_Filter_Exit,-4.4028,0.2423
344,Long,2024-12-06 12:00:00,2024-12-06 20:00:00,8,98591.99,100372.01,Time_Exit,1.8054,2.8887
345,Long,2024-12-07 03:00:00,2024-12-07 07:00:00,4,99494.57,99414.76,Signal_Exit,-0.0802,0.0
346,Long,2024-12-07 22:00:00,2024-12-08 02:00:00,4,99831.99,99934.82,Signal_Exit,0.103,0.3154
347,Long,2024-12-12 18:00:00,2024-12-13 02:00:00,8,99481.32,99729.09,Time_Exit,0.2491,0.9677
348,Long,2024-12-13 15:00:00,2024-12-13 17:00:00,2,100988.01,101495.91,Signal_Exit,0.5029,0.7425
349,Long,2024-12-16 00:00:00,2024-12-16 05:00:00,5,105531.99,105149.98,Signal_Exit,-0.362,0.0
350,Long,2024-12-16 11:00:00,2024-12-16 15:00:00,4,103656.02,106824.95,TP_Hit,3.0572,3.0572
351,Long,2024-12-16 11:00:00,2024-12-16 23:00:00,12,103656.02,105856.51,Signal_Exit,2.1229,3.3019
352,Long,2024-12-17 18:00:00,2024-12-17 20:00:00,2,106475.89,106411.54,Signal_Exit,-0.0604,0.2414
353,Long,2024-12-18 01:00:00,2024-12-18 04:00:00,3,105312.91,103572.17,SL_Hit,-1.6529,0.0
354,Long,2024-12-18 14:00:00,2024-12-18 18:00:00,4,104428.54,102817.82,Trend_Filter_Exit,-1.5424,0.3643
355,Long,2025-01-06 14:00:00,2025-01-06 22:00:00,8,102147.95,102235.6,Time_Exit,0.0858,0.0858
356,Long,2025-01-16 14:00:00,2025-01-16 15:00:00,1,99296.17,99346.39,Signal_Exit,0.0506,0.0506
357,Long,2025-01-18 05:00:00,2025-01-18 06:00:00,1,103440.39,102821.75,Signal_Exit,-0.5981,0.0
358,Long,2025-01-18 16:00:00,2025-01-18 20:00:00,4,103826.16,103889.29,Signal_Exit,0.0608,0.5354
359,Long,2025-01-20 12:00:00,2025-01-20 13:00:00,1,107956.31,107866.65,Signal_Exit,-0.0831,0.0
360,Long,2025-01-20 15:00:00,2025-01-20 16:00:00,1,106670.38,102963.32,Signal_Exit,-3.4753,0.0
361,Long,2025-01-20 21:00:00,2025-01-20 22:00:00,1,103608.0,102260.01,Trend_Filter_Exit,-1.3011,0.0
362,Long,2025-01-21 14:00:00,2025-01-21 17:00:00,3,103943.0,106861.18,Signal_Exit,2.8075,2.8075
363,Long,2025-01-22 18:00:00,2025-01-22 19:00:00,1,104630.0,104321.1,Trend_Filter_Exit,-0.2952,0.0
364,Long,2025-01-31 04:00:00,2025-01-31 11:00:00,7,104319.87,104704.68,Signal_Exit,0.3689,0.3989
365,Long,2025-02-14 20:00:00,2025-02-15 00:00:00,4,97456.79,97804.24,Signal_Exit,0.3565,0.3565
366,Long,2025-02-22 14:00:00,2025-02-22 15:00:00,1,96592.0,96504.01,Trend_Filter_Exit,-0.0911,0.0
367,Long,2025-03-03 00:00:00,2025-03-03 01:00:00,1,93084.64,93318.24,Signal_Exit,0.251,0.251
368,Long,2025-03-03 06:00:00,2025-03-03 10:00:00,4,92363.58,92739.99,Signal_Exit,0.4075,0.4075
369,Long,2025-03-03 14:00:00,2025-03-03 17:00:00,3,90035.37,87132.8,Trailing_Stop,-3.2238,0.2939
370,Long,2025-03-03 21:00:00,2025-03-03 22:00:00,1,86650.96,86220.61,Trend_Filter_Exit,-0.4966,0.0
371,Long,2025-03-04 20:00:00,2025-03-04 22:00:00,2,87517.49,87281.98,Signal_Exit,-0.2691,0.0
372,Long,2025-03-05 03:00:00,2025-03-05 04:00:00,1,86915.94,87145.98,Signal_Exit,0.2647,0.2647
373,Long,2025-03-05 14:00:00,2025-03-05 17:00:00,3,88344.25,89712.0,Signal_Exit,1.5482,1.5482
374,Long,2025-03-06 13:00:00,2025-03-06 14:00:00,1,89803.99,90820.69,Signal_Exit,1.1321,1.1321
375,Long,2025-03-21 12:00:00,2025-03-21 14:00:00,2,83935.7,83565.48,Trend_Filter_Exit,-0.4411,0.3629
376,Long,2025-04-02 20:00:00,2025-04-02 21:00:00,1,84855.99,82821.59,Trend_Filter_Exit,-2.3975,0.0
377,Long,2025-04-03 03:00:00,2025-04-03 04:00:00,1,83558.8,83343.75,Trend_Filter_Exit,-0.2574,0.0
378,Long,2025-04-10 13:00:00,2025-04-10 14:00:00,1,81272.19,78757.0,Trend_Filter_Exit,-3.0948,0.0
379,Long,2025-04-11 00:00:00,2025-04-11 01:00:00,1,80452.72,80302.05,Signal_Exit,-0.1873,0.0
380,Long,2025-04-11 14:00:00,2025-04-11 15:00:00,1,82521.74,82792.46,Signal_Exit,0.3281,0.3281
381,Long,2025-04-13 13:00:00,2025-04-13 17:00:00,4,84093.22,84730.0,Signal_Exit,0.7572,0.7868
382,Long,2025-04-13 22:00:00,2025-04-14 00:00:00,2,83760.0,84228.0,Signal_Exit,0.5587,0.6754
383,Long,2025-04-15 19:00:00,2025-04-15 21:00:00,2,84020.01,83838.47,Trend_Filter_Exit,-0.2161,0.188
384,Long,2025-04-21 02:00:00,2025-04-21 10:00:00,8,87205.56,86971.92,Time_Exit,-0.2679,0.4171
385,Long,2025-04-23 01:00:00,2025-04-23 03:00:00,2,92868.77,93665.99,Signal_Exit,0.8584,0.8584
386,Long,2025-04-23 13:00:00,2025-04-23 15:00:00,2,92940.06,93641.74,Signal_Exit,0.755,0.755
387,Long,2025-04-24 03:00:00,2025-04-24 11:00:00,8,92746.66,92777.27,Time_Exit,0.033,0.033
388,Long,2025-04-25 17:00:00,2025-04-25 19:00:00,2,94970.15,94869.57,Signal_Exit,-0.1059,0.3378
389,Long,2025-04-26 20:00:00,2025-04-26 22:00:00,2,94355.38,94628.0,Signal_Exit,0.2889,0.452
390,Long,2025-04-27 01:00:00,2025-04-27 05:00:00,4,94345.86,94015.91,Signal_Exit,-0.3497,0.0
391,Long,2025-05-01 13:00:00,2025-05-01 21:00:00,8,96827.99,96372.33,Time_Exit,-0.4706,0.185
392,Long,2025-05-03 10:00:00,2025-05-03 19:00:00,9,95942.02,96341.29,Time_Exit,0.4162,0.4968
393,Long,2025-05-08 15:00:00,2025-05-08 16:00:00,1,101276.49,101027.13,Signal_Exit,-0.2462,0.0
394,Long,2025-05-09 03:00:00,2025-05-09 04:00:00,1,102828.0,102979.35,Signal_Exit,0.1472,0.1472
395,Long,2025-05-11 05:00:00,2025-05-11 10:00:00,5,103864.52,104652.01,Signal_Exit,0.7582,0.7582
396,Long,2025-05-11 13:00:00,2025-05-11 15:00:00,2,104160.0,103984.13,Signal_Exit,-0.1688,0.0
397,Long,2025-05-12 15:00:00,2025-05-12 17:00:00,2,102856.06,101630.59,Trend_Filter_Exit,-1.1914,0.0
398,Long,2025-05-18 17:00:00,2025-05-18 22:00:00,5,104498.0,106454.26,TP_Hit,1.8721,1.8721
399,Long,2025-05-18 17:00:00,2025-05-18 23:00:00,6,104498.0,105260.88,Trailing_Stop,0.73,1.8721
400,Long,2025-05-19 23:00:00,2025-05-20 00:00:00,1,105727.27,106450.0,Signal_Exit,0.6836,0.6836
401,Long,2025-05-23 11:00:00,2025-05-23 12:00:00,1,108412.77,109634.99,Signal_Exit,1.1274,1.1274
402,Long,2025-05-23 15:00:00,2025-05-23 21:00:00,6,109068.87,107797.37,Trailing_Stop,-1.1658,0.3155
403,Long,2025-05-24 01:00:00,2025-05-24 02:00:00,1,107803.84,108366.3,Signal_Exit,0.5217,0.5217
404,Long,2025-05-24 07:00:00,2025-05-24 11:00:00,4,108251.23,108776.63,Signal_Exit,0.4854,0.8844
405,Long,2025-05-24 13:00:00,2025-05-24 19:00:00,6,108959.09,108863.63,Signal_Exit,-0.0876,0.0354
406,Long,2025-05-25 21:00:00,2025-05-25 22:00:00,1,109166.0,109004.19,Signal_Exit,-0.1482,0.0
407,Long,2025-05-27 06:00:00,2025-05-27 07:00:00,1,109547.16,109695.65,Signal_Exit,0.1356,0.1356
408,Long,2025-05-28 09:00:00,2025-05-28 12:00:00,3,108829.01,108068.45,Trend_Filter_Exit,-0.6989,0.0578
409,Long,2025-06-03 02:00:00,2025-06-03 10:00:00,8,105482.02,105287.24,Time_Exit,-0.1847,0.0
410,Long,2025-06-03 16:00:00,2025-06-04 00:00:00,8,105943.98,105592.9,Time_Exit,-0.3314,0.2783
411,Long,2025-06-04 18:00:00,2025-06-04 19:00:00,1,104913.52,104609.87,Trend_Filter_Exit,-0.2894,0.0
412,Long,2025-06-06 13:00:00,2025-06-06 17:00:00,4,104776.7,104497.69,Trend_Filter_Exit,-0.2663,0.3012
413,Long,2025-06-09 13:00:00,2025-06-09 14:00:00,1,107610.33,107635.91,Signal_Exit,0.0238,0.0238
414,Long,2025-06-10 00:00:00,2025-06-10 06:00:00,6,109788.57,109205.14,Signal_Exit,-0.5314,0.0
415,Long,2025-06-10 14:00:00,2025-06-10 15:00:00,1,109015.42,108720.61,Signal_Exit,-0.2704,0.0
416,Long,2025-06-11 20:00:00,2025-06-12 03:00:00,7,108508.18,107765.12,Trailing_Stop,-0.6848,0.1823
417,Long,2025-06-12 05:00:00,2025-06-12 08:00:00,3,107909.02,107507.35,Trend_Filter_Exit,-0.3722,0.0
418,Long,2025-06-16 22:00:00,2025-06-17 00:00:00,2,106794.53,107173.51,Signal_Exit,0.3549,0.4158
419,Long,2025-06-17 09:00:00,2025-06-17 10:00:00,1,105956.01,105641.47,Trend_Filter_Exit,-0.2969,0.0
420,Long,2025-06-25 15:00:00,2025-06-25 18:00:00,3,107139.81,107761.68,Signal_Exit,0.5804,0.5804
421,Long,2025-06-27 07:00:00,2025-06-27 08:00:00,1,106998.53,107083.8,Signal_Exit,0.0797,0.0797
422,Long,2025-07-02 20:00:00,2025-07-03 01:00:00,5,109441.8,108721.52,Signal_Exit,-0.6581,0.0
423,Long,2025-07-09 20:00:00,2025-07-09 22:00:00,2,110818.36,111233.99,Signal_Exit,0.3751,0.5088
424,Long,2025-07-10 21:00:00,2025-07-11 02:00:00,5,116008.38,116881.7,Signal_Exit,0.7528,0.7528
425,Long,2025-07-11 07:00:00,2025-07-11 08:00:00,1,117964.76,118470.34,Signal_Exit,0.4286,0.4286
426,Long,2025-07-13 16:00:00,2025-07-13 18:00:00,2,118699.6,118961.08,Signal_Exit,0.2203,0.2469
427,Long,2025-07-13 21:00:00,2025-07-13 23:00:00,2,118520.01,119061.4,Signal_Exit,0.4568,0.4781
428,Long,2025-07-14 09:00:00,2025-07-14 12:00:00,3,121905.48,121710.64,Signal_Exit,-0.1598,0.0103
429,Long,2025-07-14 14:00:00,2025-07-14 16:00:00,2,119878.23,119896.42,Signal_Exit,0.0152,0.3259
430,Long,2025-07-15 00:00:00,2025-07-15 02:00:00,2,118431.71,117148.47,Trend_Filter_Exit,-1.0835,0.0
431,Long,2025-07-16 22:00:00,2025-07-17 00:00:00,2,118630.43,118149.7,Trend_Filter_Exit,-0.4052,0.2225
432,Long,2025-07-28 18:00:00,2025-07-28 21:00:00,3,118068.73,117854.35,Trend_Filter_Exit,-0.1816,0.0323
433,Long,2025-07-29 01:00:00,2025-07-29 03:00:00,2,118095.6,118533.93,Signal_Exit,0.3712,0.5667
434,Long,2025-08-06 04:00:00,2025-08-06 05:00:00,1,114148.01,114084.93,Signal_Exit,-0.0553,0.0
435,Long,2025-08-10 05:00:00,2025-08-10 06:00:00,1,118074.24,117808.3,Signal_Exit,-0.2252,0.0
436,Long,2025-08-11 02:00:00,2025-08-11 09:00:00,7,121728.99,121184.84,Trailing_Stop,-0.447,0.4696
437,Long,2025-08-12 03:00:00,2025-08-12 11:00:00,8,119067.97,119264.66,Time_Exit,0.1652,0.1652
438,Long,2025-08-13 05:00:00,2025-08-13 06:00:00,1,119410.01,119580.4,Signal_Exit,0.1427,0.1427
439,Long,2025-08-13 14:00:00,2025-08-13 17:00:00,3,120920.62,121639.2,Signal_Exit,0.5943,0.7465
440,Long,2025-08-14 04:00:00,2025-08-14 06:00:00,2,122134.76,121725.31,Signal_Exit,-0.3352,0.0
441,Long,2025-08-22 16:00:00,2025-08-22 17:00:00,1,117024.0,116805.27,Signal_Exit,-0.1869,0.0
442,Long,2025-08-23 14:00:00,2025-08-23 20:00:00,6,114812.87,115028.0,Signal_Exit,0.1874,0.4468
443,Long,2025-08-24 16:00:00,2025-08-24 18:00:00,2,114423.42,112600.0,Trend_Filter_Exit,-1.5936,0.1779
444,Long,2025-08-28 16:00:00,2025-08-28 18:00:00,2,112387.99,111901.36,Trend_Filter_Exit,-0.433,0.0
445,Long,2025-09-04 23:00:00,2025-09-05 05:00:00,6,110451.62,111911.99,Signal_Exit,1.3222,1.3222
446,Long,2025-09-05 12:00:00,2025-09-05 13:00:00,1,113084.16,110569.99,SL_Hit,-2.2233,0.0
447,Long,2025-09-06 06:00:00,2025-09-06 08:00:00,2,110825.6,110695.06,Trend_Filter_Exit,-0.1178,0.1147
448,Long,2025-09-17 20:00:00,2025-09-17 22:00:00,2,116038.39,116447.59,Signal_Exit,0.3526,0.4492
449,Long,2025-09-18 07:00:00,2025-09-18 09:00:00,2,117229.59,117190.47,Signal_Exit,-0.0334,0.059
450,Long,2025-09-19 12:00:00,2025-09-19 13:00:00,1,116284.64,115899.99,Trend_Filter_Exit,-0.3308,0.0
451,Long,2025-09-29 02:00:00,2025-09-29 09:00:00,7,111857.51,112090.18,Signal_Exit,0.208,0.2265
452,Long,2025-09-29 14:00:00,2025-09-29 19:00:00,5,113815.57,114258.29,Signal_Exit,0.389,0.3954
453,Long,2025-09-30 15:00:00,2025-09-30 19:00:00,4,112841.24,114626.36,Signal_Exit,1.582,1.582
454,Long,2025-09-30 22:00:00,2025-10-01 03:00:00,5,114048.93,114289.01,Signal_Exit,0.2105,0.4393
455,Long,2025-10-01 17:00:00,2025-10-01 18:00:00,1,117234.01,117439.53,Signal_Exit,0.1753,0.1753
456,Long,2025-10-02 00:00:00,2025-10-02 01:00:00,1,118617.37,118753.73,Signal_Exit,0.115,0.115
457,Long,2025-10-03 16:00:00,2025-10-03 20:00:00,4,122073.25,122306.57,Signal_Exit,0.1911,0.4815
458,Long,2025-10-04 17:00:00,2025-10-04 19:00:00,2,121574.66,121892.89,Signal_Exit,0.2618,0.3163
459,Long,2025-10-05 06:00:00,2025-10-05 08:00:00,2,124713.63,123020.5,SL_Hit,-1.3576,0.0
460,Long,2025-10-05 10:00:00,2025-10-05 13:00:00,3,123464.64,123034.67,Signal_Exit,-0.3483,0.0
461,Long,2025-10-05 21:00:00,2025-10-05 22:00:00,1,123237.4,123482.31,Signal_Exit,0.1987,0.1987
462,Long,2025-10-06 00:00:00,2025-10-06 01:00:00,1,124035.32,124110.61,Signal_Exit,0.0607,0.0607
463,Long,2025-10-06 04:00:00,2025-10-06 08:00:00,4,123586.0,123955.3,Signal_Exit,0.2988,0.2988
464,Long,2025-10-06 17:00:00,2025-10-06 22:00:00,5,126011.18,124658.54,SL_Hit,-1.0734,0.0
465,Long,2025-10-07 13:00:00,2025-10-07 14:00:00,1,122725.36,121846.01,Trend_Filter_Exit,-0.7165,0.0
466,Long,2025-10-21 16:00:00,2025-10-21 21:00:00,5,111973.42,109066.98,SL_Hit,-2.5957,0.0153
467,Long,2025-11-11 09:00:00,2025-11-11 14:00:00,5,105176.38,103455.99,SL_Hit,-1.6357,0.1288
468,Long,2025-11-25 21:00:00,2025-11-26 01:00:00,4,87642.41,87711.82,Signal_Exit,0.0792,0.3189
469,Long,2025-12-04 01:00:00,2025-12-04 02:00:00,1,93943.24,93543.04,Signal_Exit,-0.426,0.0
470,Long,2025-12-04 16:00:00,2025-12-05 00:00:00,8,92426.76,92358.03,Time_Exit,-0.0744,0.0535
471,Long,2025-12-05 03:00:00,2025-12-05 11:00:00,8,92028.14,91242.4,Time_Exit,-0.8538,0.2685
472,Long,2025-12-09 16:00:00,2025-12-09 22:00:00,6,93917.99,92678.8,Signal_Exit,-1.3194,0.0026
473,Long,2025-12-18 15:00:00,2025-12-18 16:00:00,1,88014.0,86483.56,Trend_Filter_Exit,-1.7389,0.0
474,Long,2025-12-22 15:00:00,2025-12-22 18:00:00,3,89550.0,88052.43,SL_Hit,-1.6723,0.0
475,Long,2025-12-26 07:00:00,2025-12-26 08:00:00,1,88742.28,88811.76,Signal_Exit,0.0783,0.0783
476,Long,2025-12-29 07:00:00,2025-12-29 08:00:00,1,89555.1,88100.05,SL_Hit,-1.6248,0.0
477,Long,2025-12-30 16:00:00,2025-12-30 21:00:00,5,88371.34,88430.19,Signal_Exit,0.0666,0.0666
478,Long,2026-01-02 13:00:00,2026-01-02 21:00:00,8,89580.0,90195.37,Time_Exit,0.6869,0.8886
479,Long,2026-01-07 00:00:00,2026-01-07 08:00:00,8,92435.35,91716.14,Trend_Filter_Exit,-0.7781,0.5565
480,Long,2026-01-13 21:00:00,2026-01-14 02:00:00,5,95757.21,95720.99,Signal_Exit,-0.0378,0.0
481,Long,2026-01-14 17:00:00,2026-01-15 01:00:00,8,96806.55,96339.91,Trailing_Stop,-0.482,0.8767
482,Long,2026-01-15 14:00:00,2026-01-15 15:00:00,1,96737.04,96738.51,Signal_Exit,0.0015,0.0015
483,Long,2026-01-15 18:00:00,2026-01-16 02:00:00,8,95516.01,95354.69,Time_Exit,-0.1689,0.1551
484,Long,2026-01-16 04:00:00,2026-01-16 12:00:00,8,95660.37,95448.87,Time_Exit,-0.2211,0.0845
485,Long,2026-01-16 14:00:00,2026-01-16 23:00:00,9,94585.98,95465.97,Signal_Exit,0.9304,1.023
486,Long,2026-01-28 18:00:00,2026-01-29 00:00:00,6,89402.58,88603.56,Trend_Filter_Exit,-0.8937,0.0107
487,Long,2026-03-05 17:00:00,2026-03-06 01:00:00,8,70990.65,71252.43,Time_Exit,0.3688,0.3755
488,Long,2026-03-06 04:00:00,2026-03-06 12:00:00,8,70436.19,69208.0,Trend_Filter_Exit,-1.7437,0.8806
489,Long,2026-03-11 03:00:00,2026-03-11 04:00:00,1,70130.99,69510.36,Signal_Exit,-0.885,0.0
490,Long,2026-03-11 07:00:00,2026-03-11 13:00:00,6,69662.24,70578.7,Signal_Exit,1.3156,1.3156
491,Long,2026-03-13 14:00:00,2026-03-13 22:00:00,8,71831.46,70930.0,Time_Exit,-1.255,0.0753
492,Long,2026-03-14 00:00:00,2026-03-14 08:00:00,8,70831.7,70501.16,Time_Exit,-0.4667,0.3524
493,Long,2026-03-14 14:00:00,2026-03-14 16:00:00,2,70580.09,70617.01,Signal_Exit,0.0523,0.131
494,Long,2026-04-07 10:00:00,2026-04-07 18:00:00,8,68345.75,69011.29,Time_Exit,0.9738,0.9738
495,Long,2026-04-12 04:00:00,2026-04-12 05:00:00,1,71710.2,71668.01,Signal_Exit,-0.0588,0.0
496,Long,2026-04-14 14:00:00,2026-04-14 17:00:00,3,75317.07,74093.19,SL_Hit,-1.625,0.0
497,Long,2026-04-14 23:00:00,2026-04-15 00:00:00,1,74568.36,74613.28,Signal_Exit,0.0602,0.0602
498,Long,2026-04-15 04:00:00,2026-04-15 12:00:00,8,74021.5,74063.92,Time_Exit,0.0573,0.3408
499,Long,2026-04-17 16:00:00,2026-04-17 19:00:00,3,77520.59,77337.64,Signal_Exit,-0.236,0.0
500,Long,2026-04-18 19:00:00,2026-04-18 21:00:00,2,75754.78,75813.53,Signal_Exit,0.0776,0.0879
501,Long,2026-04-19 01:00:00,2026-04-19 04:00:00,3,75496.0,75545.6,Signal_Exit,0.0657,0.2233
502,Long,2026-04-20 14:00:00,2026-04-20 15:00:00,1,75716.77,75338.74,Trend_Filter_Exit,-0.4993,0.0
503,Long,2026-04-21 02:00:00,2026-04-21 06:00:00,4,75710.3,76084.34,Signal_Exit,0.4941,0.4941
504,Long,2026-04-22 16:00:00,2026-04-22 17:00:00,1,78900.0,79022.39,Signal_Exit,0.1551,0.1551
505,Long,2026-04-22 23:00:00,2026-04-23 01:00:00,2,78424.29,77939.92,Signal_Exit,-0.6176,0.0
506,Long,2026-04-23 08:00:00,2026-04-23 11:00:00,3,77655.34,77870.53,Signal_Exit,0.2771,0.2771
507,Long,2026-04-23 18:00:00,2026-04-23 21:00:00,3,77727.26,78235.3,Signal_Exit,0.6536,0.6536
508,Long,2026-05-01 15:00:00,2026-05-01 23:00:00,8,78214.36,78341.75,Time_Exit,0.1629,0.4329
509,Long,2026-05-06 13:00:00,2026-05-06 14:00:00,1,81526.73,81704.25,Signal_Exit,0.2177,0.2177
510,Long,2026-05-07 03:00:00,2026-05-07 11:00:00,8,80979.19,81162.01,Time_Exit,0.2258,0.6661
511,Long,2026-05-11 02:00:00,2026-05-11 04:00:00,2,80736.01,80832.33,Signal_Exit,0.1193,0.1193
512,Long,2026-05-11 14:00:00,2026-05-11 17:00:00,3,81445.9,81858.96,Signal_Exit,0.5072,0.608
513,Long,2026-05-12 01:00:00,2026-05-12 03:00:00,2,81249.93,81240.01,Signal_Exit,-0.0122,0.0
514,Long,2026-05-12 23:00:00,2026-05-13 03:00:00,4,80718.0,81231.96,Signal_Exit,0.6367,0.6591
515,Long,2026-05-14 18:00:00,2026-05-15 00:00:00,6,81419.74,81131.01,Signal_Exit,-0.3546,0.1215
